pair_id,doc_id,base_doc_id,contra_type,premise,hypothesis,label,kind,premise_idx,hypothesis_idx
0,3488771844_6,3488771844,Content,"Shortly after his vision of the ""arena,"" he is attacked by humanoid pig-like creatures that he names ""the swine-things"", which appear to come from the depths of a great chasm under the house.",A rock slide dams the water in the pit.,0,in_doc_negative,8,12
1,3488771844_6,3488771844,Content,"Except for an enigmatic fragment, the book becomes unreadable between the passage describing ""the Sea of Sleep"" and a later entry titled ""The noise in the night"".","On the third day of their stay, they stumble upon the ruins of a strangely shaped house on a large lake.",0,in_doc_negative,16,1
2,3488771844_6,3488771844,Content,"Once the world ends, the man floats through space, seeing angelic, human, and demonic forms passing before his eyes.","The man is trapped, but Pepper rescues him.",0,in_doc_negative,20,13
3,3488771844_6,3488771844,Content,"The novel ends with a five-verse poem titled ""Grief"", found behind the fly-leaf of the diary.","Except for an enigmatic fragment, the book becomes unreadable between the passage describing ""the Sea of Sleep"" and a later entry titled ""The noise in the night"".",0,in_doc_negative,32,16
4,3488771845_4,3488771845,Content,"He meets Co-Tan, a member of the highest human race of mainland Caspak, the Galu, fully human and of a neolithic cultural level.They enter the chamber of the Wieroo king, a huge member of the race, and Bradley spares the creature's life instead of using its own sword against it.Co-Tan and Bradley escape the city of the Wieroo and live for several months on the forested coast of Oo-oh.","Finally, though, they are discovered by Wieroo.",1,gold,14,15
5,3488771845_4,3488771845,Content,"The book begins with Bradley, who had left Fort Dinosaur on an expedition in the first novel and never returned.","It connects the previous two installments, bringing in characters introduced in each.",0,in_doc_negative,4,1
6,3488771845_4,3488771845,Content,"It attempts to keep Bradley in a prison, but he escapes through a secret passage.",Some of the members of the party consider it to be a ghost or banshee.,0,in_doc_negative,13,7
7,3488771845_4,3488771845,Content,"It attempts to keep Bradley in a prison, but he escapes through a secret passage.","Bradley disappears during the night, and the remaining members of the party make it safely to Fort Dinosaur.",0,in_doc_negative,13,10
8,3488771845_4,3488771845,Content,Bradley and his party are attempting to return to Fort Dinosaur.,Some of the members of the party consider it to be a ghost or banshee.,0,in_doc_negative,5,7
9,3488771868_7,3488771868,Emotion/Mood/Feeling,"Various ominous happenings begin to take place at Bartram-Haugh; it becomes increasingly difficult for Maud and Millicent to find any route out of the estate; meanwhile, Dudley's courtship culminates in a marriage proposition to Maud; when she confronts Silas about it, he attempts to coax her into accepting.She is devastated when it emerges that Dudley is already married, and when, after being disowned by his father, he and his wife leave to set sail from Liverpool to New York.It is afterwards decided that Millicent should attend a boarding school in France, and Silas sends her away with the promise that Maud is to join her after three months.","During her stay, Maud is subject to various attempts by Dudley to court her, but she rejects him thoroughly on each occasion.",1,gold,14,12
10,3488771868_7,3488771868,Emotion/Mood/Feeling,"Lady Knollys, together with Austin's executor and fellow Swedenborgian, Dr.","Through her father and her worldly, cheerful cousin, Lady Monica Knollys, she gradually learns more regarding her uncle, Silas Ruthyn, a black sheep of the family whom she has never met; once an infamous rake and gambler, he is now apparently a fervently reformed Christian.",0,in_doc_negative,8,1
11,3488771868_7,3488771868,Emotion/Mood/Feeling,"Lady Knollys, together with Austin's executor and fellow Swedenborgian, Dr.","In the first part of the novel, Maud's father hires a French governess, Madame de la Rougierre, as a companion for her.",0,in_doc_negative,8,3
12,3488771868_7,3488771868,Emotion/Mood/Feeling,"Maud is asked in obscure terms by her father if she is willing to undergo some kind of ""ordeal"" to clear the name of her uncle, and of the family more generally; shortly after she assents, he dies.","Uncle Silas enters the room, having been waiting outside; as he does this, Maud slips out undetected.",0,in_doc_negative,6,22
13,3488771868_7,3488771868,Emotion/Mood/Feeling,"Assisted by Dickon Hawkes' daughter, whom Maud had befriended during her stay, she is swiftly conveyed by carriage to Lady Knolly's estate, and away from Bartram-Haugh.","Lady Knollys, together with Austin's executor and fellow Swedenborgian, Dr.",0,in_doc_negative,23,8
14,3488771900_6,3488771900,Content|Emotion/Mood/Feeling,Ichabod rides leisurely.,"In a frenzied race to the bridge adjacent to the Old Dutch Burying Ground, where the Hessian is said to ""vanish, according to rule, in a flash of fire and brimstone"" upon crossing it, Ichabod rides for his life, desperately goading his temperamental plow horse down the Hollow.",1,gold,20,17
15,3488771900_6,3488771900,Content|Emotion/Mood/Feeling,"The most infamous spectre in the Hollow is the Headless Horseman, said to be the ghost of a Hessian trooper that had his head shot off by a stray cannonball during ""some nameless battle"" of the American Revolutionary War, and who ""rides forth to the scene of battle in nightly quest of his head"".","In a frenzied race to the bridge adjacent to the Old Dutch Burying Ground, where the Hessian is said to ""vanish, according to rule, in a flash of fire and brimstone"" upon crossing it, Ichabod rides for his life, desperately goading his temperamental plow horse down the Hollow.",0,in_doc_negative,5,17
16,3488771900_6,3488771900,Content|Emotion/Mood/Feeling,"His intentions, however, are ill-fated.","Although the nature of the Headless Horseman is left open to interpretation, the story implies that the ghost was really Brom (an agile stunt rider) in disguise.",0,in_doc_negative,12,21
17,3488771900_6,3488771900,Content|Emotion/Mood/Feeling,"As he passes several purportedly haunted spots, his active imagination is engorged by the ghost stories told at Baltus' harvest party.","Irving's narrator concludes, however, by stating that the old Dutch wives continue to promote the belief that Ichabod was ""spirited away by supernatural means,"" and a legend develops around his disappearance and sightings of his melancholy spirit.",0,in_doc_negative,14,22
18,3488771900_6,3488771900,Content|Emotion/Mood/Feeling,"However, to the pedagogue's horror, the ghoul clambers over the bridge, rears his horse, and hurls his severed head into Ichabod's terrified face.",The tension between the three is soon brought to a head.,0,in_doc_negative,18,9
19,3488771918_5,3488771918,Emotion/Mood/Feeling,Silvère Mouret feels indifferent towards Miette Chantegreil.,"The idealistic but naïve Silvère Mouret falls madly in love with the innocent Miette Chantegreil, and after a long courtship they decide to join up with the republicans to fight the coup.",1,gold,17,15
20,3488771918_5,3488771918,Emotion/Mood/Feeling,"From this premise, the next nineteen novels all get their central protagonists and to a certain extent their themes.","Eventually, the Rougons exploit their half-brother Antoine Macquart into inadvertently helping crush the republican threat, and they achieve their life's ambition, fortune and favour.",0,in_doc_negative,3,18
21,3488771918_5,3488771918,Emotion/Mood/Feeling,"The idealistic but naïve Silvère Mouret falls madly in love with the innocent Miette Chantegreil, and after a long courtship they decide to join up with the republicans to fight the coup.","For Silvère and Miette, who committed themselves so completely to a doomed cause, there can be no such happy ending and Zola wisely leaves their half of the story at a bleak dead end..",0,in_doc_negative,15,19
22,3488771918_5,3488771918,Emotion/Mood/Feeling,"Due to the original story nature of La Fortune des Rougon, the theories are placed much more to the fore, and can appear somewhat heavy-handed as a result.","The rest of the novel then picks up from where the opening chapter left off, and from then on is basically a dual narrative telling the story of the old Rougon couple and their increasingly Machiavellian machinations to get themselves into a position of fortune and respect in Plassans, juxtaposed with Silvère and Miette's continuing love story and the doomed republican militia's disastrous attempt to take the town back.",0,in_doc_negative,13,16
23,3488771918_5,3488771918,Emotion/Mood/Feeling,"The narrative then switches over to the Macquart side of the family, whose grim working-class struggles to survive are juxtaposed keenly with the Rougons' seemingly trivial quest for greater wealth and influence in genteel drawing-room society.","A third branch of the family, the Mourets, descended from Macquart and Dide's daughter, are then introduced before the novel's focus is brought back to the ""present"", the night of the coup, via a quite brilliantly told love story.",0,in_doc_negative,9,14
24,3489738220_3,3489738220,Numeric,October 3 .,"But don't forget, April 8 was also ""Rex Manning Day."" Twitter didn't, paying homage to the 1995 film ""Empire Records"" and the character of Rex Manning, played by the very dreamy Maxwell Caulfield.",0,in_doc_negative,12,3
25,3489738220_3,3489738220,Numeric,"We hope to be celebrating that in our flying car that we are STILL waiting on, please and thank you.","But don't forget, April 8 was also ""Rex Manning Day."" Twitter didn't, paying homage to the 1995 film ""Empire Records"" and the character of Rex Manning, played by the very dreamy Maxwell Caulfield.",0,in_doc_negative,19,3
26,3489738220_3,3489738220,Numeric,April 14 .,It's so fetch.,0,in_doc_negative,6,15
27,3489738220_3,3489738220,Numeric,"The Titanic sank on April 15, 1912.","on that date to everyone obsessed with the hit ABC show, and we heard about the general geek-outs that were occurring.",0,in_doc_negative,8,2
28,3489738232_5,3489738232,Emotion/Mood/Feeling,"They have now vowed to file a case in the state's high court.Red meat lovers were very delighted, arguing the government doesn't have a right to interfere in an individual's personal preference.Maharashtra is not the only Indian state to tighten its laws on cow slaughter.","However, beef traders in the country strongly reacted to the decision and called a month-long strike, which ended Wednesday.",1,gold,14,12
29,3489738232_5,3489738232,Emotion/Mood/Feeling,"The ruling came in the wake of a recent case of cow slaughter in Malegaon, where two men have been charged for killing the animal and and selling its meat.","Rajnath Singh, India's Home Minister has promised that he would do all to devise a country-wide law against cow slaughter.",0,in_doc_negative,8,16
30,3489738232_5,3489738232,Emotion/Mood/Feeling,The Maharashtra Animal Preservation Bill now includes bans on the killing of bulls and bullocks in its list of non-bailable offenses.,"They have now vowed to file a case in the state's high court.Red meat lovers were very delighted, arguing the government doesn't have a right to interfere in an individual's personal preference.Maharashtra is not the only Indian state to tighten its laws on cow slaughter.",0,in_doc_negative,9,14
31,3489738232_5,3489738232,Emotion/Mood/Feeling,Police officials believe this is the only way to solve cow slaughter cases and enforce the law.,"Rajnath Singh, India's Home Minister has promised that he would do all to devise a country-wide law against cow slaughter.",0,in_doc_negative,3,16
32,3489738232_5,3489738232,Emotion/Mood/Feeling,"The slaughter of buffaloes, however, is still permissible.",Police officials believe this is the only way to solve cow slaughter cases and enforce the law.,0,in_doc_negative,11,3
33,3489738232_6,3489738232,Numeric,Haryana state has implemented a maximum punishment of 5 years in prison Even the consumption or sale of beef could now land you in prison for five years.,"Haryana state has implemented a maximum punishment of 10 years in prison, the toughest penalty in the country.",1,gold,10,17
34,3489738232_6,3489738232,Numeric,"""We are creating a database.","If we get an information of a cow slaughter, we can quickly go to the resident's place and check whether it is there or not"", Mahesh Sawai, Deputy Superintendent of Malegaon Police told CNN.",0,in_doc_negative,5,6
35,3489738232_6,3489738232,Numeric,"Red meat lovers weren't too delighted either, arguing the government doesn't have a right to interfere in an individual's personal preference.",The Maharashtra Animal Preservation Bill now includes bans on the killing of bulls and bullocks in its list of non-bailable offenses.,0,in_doc_negative,15,9
36,3489738232_6,3489738232,Numeric,"""I believe this will be very effective"" So far over 100 owners have complied with the police order and more are lining up outside police stations across the city to get their livestock photographed.",Maharashtra is not the only Indian state to tighten its laws on cow slaughter.,0,in_doc_negative,7,16
37,3489738232_6,3489738232,Numeric,"""I believe this will be very effective"" So far over 100 owners have complied with the police order and more are lining up outside police stations across the city to get their livestock photographed.","Red meat lovers weren't too delighted either, arguing the government doesn't have a right to interfere in an individual's personal preference.",0,in_doc_negative,7,15
38,3489738242_5,3489738242,Perspective/View/Opinion,Calls for crash avoidance technology .,"The flight data recorder, or ""black box,"" was found Thursday by a member of the recovery team.",0,in_doc_negative,14,6
39,3489738242_5,3489738242,Perspective/View/Opinion,"""There is only a private security company ensuring security around the crash site so that no one can go there."" The security firm will guard the site until the remaining debris is collected and taken to secure locations for further analysis, if necessary, he said.","""All the police investigators have left the (Germanwings) crash site,"" he said.",0,in_doc_negative,5,4
40,3489738242_5,3489738242,Perspective/View/Opinion,"CNN's Margot Haddad reported from Marseille, and Greg Botelho wrote from Atlanta.","The flight data recorder, or ""black box,"" was found Thursday by a member of the recovery team.",0,in_doc_negative,15,6
41,3489738242_5,3489738242,Perspective/View/Opinion,"""All the police investigators have left the (Germanwings) crash site,"" he said.","That number includes 40 cell phones, though all those were badly damaged.Robin believed that useful information could be retrieved from those phones, given their condition.Authorities say the flight's co-pilot, Andreas Lubitz, locked the captain out of the cockpit and engineered the plane's demise.",0,in_doc_negative,4,11
42,3489738245_6,3489738245,Perspective/View/Opinion,In 2007 then-Defense Minister Shigeru Ishiba dismissed the legal ramifications The exchange wasn't the first time Japanese politicians have discussed the implications of visitors from another planet.,"In 2007 then-Defense Minister Shigeru Ishiba pondered the legal ramifications, under Japan's pacifist constitution, of a defense against an invasion from outer space.",1,gold,12,13
43,3489738245_6,3489738245,Perspective/View/Opinion,"Responding to a query from flamboyant former wrestler-turned-lawmaker Antonio Inoki, Defense Minister Gen Nakatani told the Diet, Japan's parliament, that his jets had, to date, never come across any UFOs from outer space.",In 2007 then-Defense Minister Shigeru Ishiba dismissed the legal ramifications The exchange wasn't the first time Japanese politicians have discussed the implications of visitors from another planet.,0,in_doc_negative,2,12
44,3489738245_6,3489738245,Perspective/View/Opinion,"The maverick politician also traveled to Iraq in 1990 to try to secure the release of Japanese hostages, and has more recently attempted to replicate former NBA star Dennis Rodman's ""basketball diplomacy"" by staging a wrestling tournament in North Korea.","Before his return to politics he was a regular fixture on Japanese TV variety shows and has promoted a slew of products, from hot sauce to banks.",0,in_doc_negative,8,7
45,3489738245_6,3489738245,Perspective/View/Opinion,"The classic video game ""Space Invaders"" was developed in Japan back in the late 1970's -- and now their real-life counterparts are the topic of an earnest political discussion in Japan's corridors of power.","He continued: ""They sometimes find birds or flying objects other than aircraft but I don't know of a case of finding an unidentified flying object believed to have come over from anywhere other than Earth."" Inoki has appeared in the U.S.-based WWE -- which describes him as ""among the most respected men in sports-entertainment"" -- and is the founder of the New Japan Pro Wrestling organization.",0,in_doc_negative,0,4
46,3489738245_6,3489738245,Perspective/View/Opinion,He entered Japan's Upper House for a second stint in politics in 2013.,"Before his return to politics he was a regular fixture on Japanese TV variety shows and has promoted a slew of products, from hot sauce to banks.",0,in_doc_negative,5,7
47,3489738261_7,3489738261,Numeric,Barrientos has been married 5 times.,"In total, Barrientos has been married 10 times, with nine of her marriages occurring between 1999 and 2002.",1,gold,5,11
48,3489738261_7,3489738261,Numeric,The case was referred to the Bronx District Attorney's Office by Immigration and Customs Enforcement and the Department of Homeland Security's Investigation Division.,Any divorces happened only after such filings were approved.,0,in_doc_negative,17,15
49,3489738261_7,3489738261,Numeric,"Prosecutors said the immigration scam involved some of her husbands, who filed for permanent residence status shortly after the marriages.","She is believed to still be married to four men, and at one time, she was married to eight men at once, prosecutors say.",0,in_doc_negative,14,13
50,3489738261_7,3489738261,Numeric,"Then, Barrientos declared ""I do"" five more times, sometimes only within two weeks of each other.","In total, Barrientos has been married 10 times, with nine of her marriages occurring between 1999 and 2002.",0,in_doc_negative,3,11
51,3489738261_7,3489738261,Numeric,Prosecutors said the marriages were part of an immigration scam.,"Then, Barrientos declared ""I do"" five more times, sometimes only within two weeks of each other.",0,in_doc_negative,8,3
52,3489738282_6,3489738282,Content|Numeric,No MILF fighters were killed.,Eighteen MILF fighters were killed and a number of BIFF fighters may also died.,1,gold,15,17
53,3489738282_6,3489738282,Content|Numeric,"The report argued that, although Marwan had aided terror attacks and provided funds and equipment to MILF and Abu Sayyaf, he was not ""the master bomber that his reputation suggested."" Yet for the Philippines authorities and their U.S.","""After a thorough review of forensic data and information obtained from our Philippine law enforcement partners, the FBI has assessed that terrorism subject, Zulkifli Abdhir ...",0,in_doc_negative,23,4
54,3489738282_6,3489738282,Content|Numeric,The FBI said in February that a DNA sample -- understood to be from a severed finger -- taken from a man killed in a raid in the southern Philippines showed a link with a known relative of Marwan.,"Forty-four members of the police's elite Special Action Force (SAF) unit were killed in the assault, targeting an area controlled by the Bangsamoro Islamic Freedom Fighters (BIFF) -- a hardline splinter group which has rejected the peace deal with the Philippines government.",0,in_doc_negative,2,12
55,3489738282_6,3489738282,Content|Numeric,"is deceased and has been removed from the FBI's list of Most Wanted Terrorists,"" David Bowdich, assistant director in charge of the FBI's Los Angeles field office, told CNN in a statement.","It accused him of being a supplier of IEDs to terrorist organizations, and having conducted bomb making training for terror groups, including the Philippines-based Abu Sayyaf.",0,in_doc_negative,5,7
56,3489738282_6,3489738282,Content|Numeric,The mission went disastrously awry.,"The Philippines has been fighting an insurgency in the predominantly Muslim south for years, and last year signed a peace agreement with the Moro Islamic Liberation Front (MILF), the largest rebel group in the region.",0,in_doc_negative,11,9
57,3489738286_7,3489738286,Numeric,"North of Rochelle, a tornado took away a local favorite restaurant -- Grubsteakers.People had been eating at Grubsteakers for some 10 years   ""It's kind of one of your little greasy spoon restaurants,"" said Eric Widick, who drove up in his truck to help out.","People had been eating at Grubsteakers for some 25 years and will miss it, Widick said.",1,gold,19,24
58,3489738286_7,3489738286,Numeric,Louis.,"""We're a community.",0,in_doc_negative,13,20
59,3489738286_7,3489738286,Numeric,"CNN's AnneClaire Stapleton, Catherine Shoichet, Greg Botelho, Dave Alsup, Steve Almasy, Jack Maddox and Sean Morris contributed to this report.","""You can hear the hissing everywhere from where the structures used to be,"" he said.",0,in_doc_negative,45,33
60,3489738286_7,3489738286,Numeric,"""We're a community.","Fifty to 100 houses had significant damage, he said.",0,in_doc_negative,20,31
61,3489738286_7,3489738286,Numeric,"Farther north, in the rural Illinois hamlet of Fairdale, one person died as a twister shredded homes and ripped trees bare of leaves and most limbs.",Sheriff Brian VanVickle told journalists late Thursday that the tornado had spared life and limb in Ogle County aside from some people whose injuries were easily treatable.,0,in_doc_negative,3,29
62,3489738289_8,3489738289,Perspective/View/Opinion,But years without any video or audio recordings of the fugitive have led to growing speculation that Omar may have died.,must stay in Afghanistan past 2016 .,0,in_doc_negative,21,8
63,3489738289_8,3489738289,Perspective/View/Opinion,"The Taliban's ""Cultural Commission"" released the 11-page document in several different translations on the movement's website, ostensibly to commemorate the 19th anniversary of an April 4, 1996, meeting in Afghanistan's Kandahar province when an assembly of Afghans swore allegiance to Omar.","He never used the Internet,"" said Rahimullah Yusufzai, a Pakistani journalist and expert on Afghanistan who once interviewed Osama bin Laden.",0,in_doc_negative,2,17
64,3489738289_8,3489738289,Perspective/View/Opinion,"The biography challenges rumors of Omar's death by offering a description of his daily work schedule, which begins with prayers, study of the Quran, and then delivering ""orders in a specific way to his Jihadi commanders."" The publication also seeks to fill in some of the gaps about the militant's early years, including the detail that his ""preferred weapon of choice"" was the RPG-7, a rocket-propelled grenade.",Bergen: Why U.S.,0,in_doc_negative,22,7
65,3489738289_8,3489738289,Perspective/View/Opinion,The Taliban have released written statements purportedly made by the leader-in-hiding.,Bergen: Why U.S.,0,in_doc_negative,20,7
66,3489738295_9,3489738295,Content|Numeric,"The three days of Easter occur multiple times a year on the calendar It's definitely a progression, although the word itself -- triduum -- can refer to any three days of prayer.","The three days of Easter, the Triduum, occur only once a year on the calendar.",1,gold,9,29
67,3489738295_9,3489738295,Content|Numeric,"It's very important that almost nobody who encounters Jesus after the resurrection can really recognize him, know him, or understand him as the same person who was with them before he was crucified.","It's a day of depression, a day of suspension.",0,in_doc_negative,27,23
68,3489738295_9,3489738295,Content|Numeric,"Jesus, of course, was Jewish, as were all his disciples.","This is the joy of Easter, and it's not something reserved for one day on the calendar.",0,in_doc_negative,12,42
69,3489738295_9,3489738295,Content|Numeric,"Why do Christians make so much of this springtime week, and make so much of Easter weekend?","I suspect we all experience the Triduum frequently, sometimes more than once in a single day.",0,in_doc_negative,6,46
70,3489738295_9,3489738295,Content|Numeric,"Resurrection implies a total transformation, something beyond the physical realm.",It's there whenever we experience what T.S.,0,in_doc_negative,26,43
71,3489825775_7,3489825775,Content|Perspective/View/Opinion,The bus driver would argue he has no reason to know if a particular passenger is carrying drugs.,"When it comes to drugs, the law recognizes two kinds of possession: actual and constructive.",0,in_doc_negative,39,20
72,3489825775_7,3489825775,Content|Perspective/View/Opinion,It probably doesn't make good legal sense either.,Actual possession is when you have physical control over the contraband.,0,in_doc_negative,60,21
73,3489825775_7,3489825775,Content|Perspective/View/Opinion,"This would not be acting in the usual course of business of a common carrier, since this imaginary airline is not offering its services to the public, generally.",Does this mean a Greyhound bus driver becomes liable for marijuana possessed by a passenger?,0,in_doc_negative,35,38
74,3489825775_7,3489825775,Content|Perspective/View/Opinion,How does one fit a company for a prison jumpsuit?,FedEx.,0,in_doc_negative,8,3
75,3499318690_1,3499318690,Negation,Hannah Dodd did not represent Australia in equestrian at the 2012 Summer Paralympics in London.,"0 Point wheelchair basketball player who represented Australia in equestrian at the 2012 Summer Paralympics in London , coming 11th and 12th in her events.",1,gold,17,1
76,3499318690_1,3499318690,Negation,"Dodd has been around horses since she was four months old , and was able to ride on her own by the time she was two years old , before she learned to walk.",""" I 've had a few bangs and scrapes and been tipped out of my chair a few times , "" she concedes , "" but it 's really fun.",0,in_doc_negative,18,34
77,3499318690_1,3499318690,Negation,"Due to her sacral agenesis , when she rides her horse , she dislocates several bones every time , but as a result of anti - doping rules , she has had to find alternative ways of coping with pain associated with riding.","She started competing in 2005 , and first represented Australia in 2006 , winning her first test in England that year.",0,in_doc_negative,16,20
78,3499318690_1,3499318690,Negation,"In 2008 , Dodd was the Australian national Grade IV para - equestrian champion.",Hannah Dodd did not represent Australia in equestrian at the 2012 Summer Paralympics in London.,0,in_doc_negative,3,17
79,3499318690_1,3499318690,Negation,"Switching to wheelchair basketball , she made her debut with the national team at the Osaka Cup in February 2015.",She has two older brothers.,0,in_doc_negative,2,12
80,3503017487_7,3503017487,Perspective/View/Opinion,The chancel contains memorials to the Lords Stanley of Alderley.,"The early 17th - century Stanley pew at the eastern end of the south aisle is at the level of an upper storey , and is entered by a flight of steps from outside the church.",0,in_doc_negative,40,32
81,3503017487_7,3503017487,Perspective/View/Opinion,"The stained glass in the east window , dated 1856 , was made by William Wailes.","The tower clock , made in 1743 , was renovated in 1997.",0,in_doc_negative,48,17
82,3503017487_7,3503017487,Perspective/View/Opinion,An ancient yew tree stands in the churchyard.,"The central bay contains a door , above which is the Stanley crest , a three - light window and a date plaque in the gable.",0,in_doc_negative,6,64
83,3503017487_7,3503017487,Perspective/View/Opinion,"Once the details had been recorded , the crypt was resealed.","The church was built in the Gothic style , and has historically been associated with the Stanley family of Alderley.",0,in_doc_negative,71,3
84,3488771835_3,3488771835,Content,Jeremy suggests she seek help from a squirrel.,Jeremy suggests she seek help in moving Timothy from an owl who dwells in the forest.,1,gold,13,10
85,3488771835_3,3488771835,Content,"Frisby's son, Timothy, is ill with pneumonia just as the farmer Mr.","As the others move, ten rats stay behind so the exterminators would not think the rat hole has been abandoned.",0,in_doc_negative,3,45
86,3488771835_3,3488771835,Content,Frisby obtains medicine from her friend Mr.,"As the others move, ten rats stay behind so the exterminators would not think the rat hole has been abandoned.",0,in_doc_negative,7,45
87,3488771835_3,3488771835,Content,"At night, Justin (one of the rats) comes to save Mrs.","Although the rats have not yet had time to move everything they needed for The Plan, they manage to destroy their underground rooms, and create the illusion that they are just regular rats by placing rubbish in the remaining rooms.",0,in_doc_negative,39,44
88,3488771835_3,3488771835,Content,"One rat, Jenner, disagreed vehemently with The Plan and left the colony with a group of followers at some point prior to Mrs.",Mrs.,0,in_doc_negative,28,0
89,3488771872_3,3488771872,Emotion/Mood/Feeling,"Phoebe, however, longs for her youth, and the return of Captain Brown only deepens her melancholy.","In this guise, she has captured the eyes of many of the young men and the scorn of ladies.",0,in_doc_negative,5,9
90,3488771872_3,3488771872,Emotion/Mood/Feeling,"""Act 4Miss Livvy still hangs heavy over the sisters: having been created, she is now difficult to dispose of.","Act 3At the ball, and Phoebe is still playing the part of Miss Livvy.",0,in_doc_negative,13,8
91,3488771872_3,3488771872,Emotion/Mood/Feeling,"Phoebe, however, longs for her youth, and the return of Captain Brown only deepens her melancholy.","""Act 4Miss Livvy still hangs heavy over the sisters: having been created, she is now difficult to dispose of.",0,in_doc_negative,5,13
92,3488771872_3,3488771872,Emotion/Mood/Feeling,Act 1There is heightened anticipation as the local gossips of the town discuss the developing relationship between Miss Phoebe Throssel and Valentine Brown.,"With some encouragement from her maid, Patty, she creates the fictional character of Miss Livvy, a more energetic, flirtatious and naughty version of her younger self, and begins to tease Captain Brown who, captivated by her, persuades her and Susan to accompany him to the ball.",0,in_doc_negative,1,7
93,3488771926_1,3488771926,Content,"The story's narrator, Montresor, tells the story of the day that he took his revenge on Fortunato (Italian for ""the fortunate one""), a fellow nobleman, to an unspecified person who knows him very well.Angry over numerous injuries and some unspecified insult, he plots to save his friend during Carnival when the man is drunk, dizzy, and wearing a jester's motley.Montresor lures Fortunato into a private wine-tasting excursion by telling him he has obtained a pipe (about 130 gallons, 492 litres) of what he believes to be a rare vintage of amontillado.","Montresor reveals brick and mortar, previously hidden among the bones nearby, and walls up the niche, entombing his friend alive.",1,gold,0,11
94,3488771926_1,3488771926,Content,"Montresor reveals brick and mortar, previously hidden among the bones nearby, and walls up the niche, entombing his friend alive.",The murderer concludes: In pace requiescat!,0,in_doc_negative,11,19
95,3488771926_1,3488771926,Content,"(""May he rest in peace!"").","Fortunato then screams for help, but Montresor mocks his cries, knowing nobody can hear them.",0,in_doc_negative,20,13
96,3488771926_1,3488771926,Content,"Montresor offers wine (first Medoc, then De Grave) to Fortunato in order to keep him inebriated.","At one point, Fortunato makes an elaborate, grotesque gesture with an upraised wine bottle.",0,in_doc_negative,4,6
97,3488771926_1,3488771926,Content,"Fortunato goes with Montresor to the wine cellars of the latter's palazzo, where they wander in the catacombs.","The story's narrator, Montresor, tells the story of the day that he took his revenge on Fortunato (Italian for ""the fortunate one""), a fellow nobleman, to an unspecified person who knows him very well.Angry over numerous injuries and some unspecified insult, he plots to save his friend during Carnival when the man is drunk, dizzy, and wearing a jester's motley.Montresor lures Fortunato into a private wine-tasting excursion by telling him he has obtained a pipe (about 130 gallons, 492 litres) of what he believes to be a rare vintage of amontillado.",0,in_doc_negative,3,0
98,3489738230_1,3489738230,Content|Negation,"The FBI did not charge a Philadelphia woman on Thursday On Thursday, Noelle Velentzas, 28, and her former roommate, Asia Siddiqui, 31, were arrested in New York and accused of planning to build an explosive device for attacks in the United States, federal prosecutors said.",The FBI charged a Philadelphia woman on Thursday with trying to travel overseas to fight for ISIS.,1,gold,11,0
99,3489738230_1,3489738230,Content|Negation,She could be sentenced to 15 years in prison.,"On March 26, Thomas purchased a ticket to Barcelona, with a March 29 departure and an April 15 return to the United States, the complaint said.",0,in_doc_negative,10,7
100,3489738230_1,3489738230,Content|Negation,"Of those cases, 18 allegedly involve support to ISIS.","""It involves the potential lone wolf actor, it involves the effective use of social media, the Internet.""",0,in_doc_negative,13,15
101,3489738230_1,3489738230,Content|Negation,Turkey is known as the easiest place from which to enter Syria and join ISIS.,"An ISIS manual advises recruits to buy round-trip tickets to vacation spots such as Spain and then purchase tickets for their real destination once they arrive overseas, the FBI said.",0,in_doc_negative,5,6
102,3489738230_1,3489738230,Content|Negation,"""The terrorist threat is more decentralized, more diffuse, more complicated,"" Homeland Security Secretary Jeh Johnson told reporters Thursday.","The FBI did not charge a Philadelphia woman on Thursday On Thursday, Noelle Velentzas, 28, and her former roommate, Asia Siddiqui, 31, were arrested in New York and accused of planning to build an explosive device for attacks in the United States, federal prosecutors said.",0,in_doc_negative,14,11
103,3489738267_6,3489738267,Content|Perspective/View/Opinion|Negation,The EPA is not concerned about determining how this happened.,"""The EPA is actively working to determine how this happened and will make sure steps are taken to prevent this from happening to others at these vacation apartments or elsewhere."" Depending on the season, the luxury villa where the family stayed rents between $550 and $1,200 per night.",1,gold,7,18
104,3489738267_6,3489738267,Content|Perspective/View/Opinion|Negation,"""We have been doing different types of air sampling and wipe sampling."" Final test results were expected next week.","Exposure to methyl bromide can result in serious health effects, including central nervous system and respiratory system damage, according to the EPA.",0,in_doc_negative,14,9
105,3489738267_6,3489738267,Content|Perspective/View/Opinion|Negation,"""Pesticides can be very toxic, and it is critically important that they be applied properly and used only as approved by EPA,"" said Judith A.","in a manner that is safe for our customers, employees, the public and the environment"" and is ""looking into this matter internally, and cooperating with authorities."" ""We're thinking about the family, and we join the community in wishing them a speedy recovery,"" Terminix wrote.",0,in_doc_negative,16,26
106,3489738267_6,3489738267,Content|Perspective/View/Opinion|Negation,"Securities and Exchange Commission filing made Monday by ServiceMaster Global Holdings, the parent company of Terminix.",John after the family of four fell ill.,0,in_doc_negative,24,4
107,3489738267_6,3489738267,Content|Perspective/View/Opinion|Negation,"They had rented the villa from March 14 to March 22, and were later hospitalized.","In an email to CNN, a spokesman for Terminix wrote that the company is ""committed to performing all work ...",0,in_doc_negative,5,25
108,3489738270_2,3489738270,Content,"Kennedy International Airport on April 1.Shortly after the plane arrived in New York that evening, Felix was found somewhere on the grounds of Kennedy Airport, according to Etihad Airways.Felix was able to get loose, Stewart said she believes, because the cat's plastic carrier was badly damaged at some point either during the flight or the transfer from the airplane to the pickup area.","Nearly one week later, Felix remains missing.",1,gold,4,8
109,3489738270_2,3489738270,Content,That cat was eventually discovered -- alive -- two months later in a customs room at the airport.,"A wildlife biologist who works with the airport has also placed traps to facilitate Felix's safe return, according to the Port Authority of New York and New Jersey.",0,in_doc_negative,20,23
110,3489738270_2,3489738270,Content,It isn't the first time a pet has gone missing at New York's busiest airport.,"American Jennifer Stewart says she was devastated to learn that Etihad Airways lost her most important baggage following a recent trip from Abu Dhabi to New York City: her 2-year-old pet cat, Felix.",0,in_doc_negative,18,2
111,3489738270_2,3489738270,Content,Stewart said the couple will continue to search the airport until they have answers.,"Officials at Kennedy have offered to assist Etihad Airways as the airline investigates what happened, the Port Authority said.",0,in_doc_negative,25,24
112,3489738270_2,3489738270,Content,"This weekend, Stewart enlisted the help of a local nonprofit, which provided a highly trained detection dog, to help track down Felix's scent.","Kennedy International Airport on April 1.Shortly after the plane arrived in New York that evening, Felix was found somewhere on the grounds of Kennedy Airport, according to Etihad Airways.Felix was able to get loose, Stewart said she believes, because the cat's plastic carrier was badly damaged at some point either during the flight or the transfer from the airplane to the pickup area.",0,in_doc_negative,22,4
113,3489738299_4,3489738299,Content|Negation,"The officer initially said that he did not use a Taser on Scott But Scott never got the Taser or used it on the officer, Santana told NBC.","The officer initially said that he used a Taser on Scott, who, Slager said, tried to take the weapon.",1,gold,21,6
114,3489738299_4,3489738299,Content|Negation,"The men struggled over the device, with the suspect taking the Taser and attempting to use it against Slager, the newspaper reported.","The officer initially said that he used a Taser on Scott, who, Slager said, tried to take the weapon.",0,in_doc_negative,30,6
115,3489738299_4,3489738299,Content|Negation,"he saw Habersham ""administering chest compression to the defendant."" North Charleston Police Chief  Eddie Driggers was asked at a news conference this week whether CPR was performed on Scott.","The passenger's identity was not given in the report, but the officer said in the report that the passenger was detained.",0,in_doc_negative,49,36
116,3489738299_4,3489738299,Content|Negation,"The passenger's identity was not given in the report, but the officer said in the report that the passenger was detained.","When EMS and first responders arrived, EMS took care over providing care to the driver, who was pronounced deceased a short time later."" Habersham, in his account, did not mention performing CPR.",0,in_doc_negative,36,44
117,3489738299_4,3489738299,Content|Negation,"Banias, said he was heading to the scene about 10 minutes after the initial call.",What we know about Officer Slager .,0,in_doc_negative,32,54
118,3489825751_5,3489825751,Content|Perspective/View/Opinion,"The individual members of the fraternity will likely be considered public figures, and not private individuals; As for the other fraternities on campus but not implicated in the story, that's likely a group that moves from the small category to large, and the members of Greek life generally will have a harder time bringing a lawsuit.","But the Rolling Stone article certainly purported to be fact, and it apparently is not exactly what the law considers ""true."" The individual members of the fraternity will likely be considered private individuals, and not public figures; the latter have a harder time proving defamation.",1,gold,31,8
119,3489825751_5,3489825751,Content|Perspective/View/Opinion,The Supreme Court has been clear on the issue of libelous statements about the government: The government cannot sue for defamation.,"On the other hand, Rolling Stone's lawyers would likely argue that the group is so large and fluid (after all, the membership changes somewhat every year), that even though the fraternity's reputation is tarnished, the members have suffered no individualized injury.",0,in_doc_negative,18,30
120,3489825751_5,3489825751,Content|Perspective/View/Opinion,"Neither can pure statements of opinion, because they theoretically cannot be either true or false.",The UVA situation is not your run-of-the-mill defamation case.,0,in_doc_negative,7,36
121,3489825751_5,3489825751,Content|Perspective/View/Opinion,"Now the fraternities, starting with Phi Kappa Psi.",True statements cannot be defamatory.,0,in_doc_negative,20,6
122,3489825751_5,3489825751,Content|Perspective/View/Opinion,The Supreme Court has been clear on the issue of libelous statements about the government: The government cannot sue for defamation.,"A plaintiff in a defamation case must show that the statements were ""of or concerning"" the plaintiff.",0,in_doc_negative,18,22
123,3489825760_4,3489825760,Content,1 .,1 on Adult Pop Songs .,0,in_doc_negative,10,90
124,3489825760_4,3489825760,Content,She's currently recording her debut EP.,"""Funk,"" thus, leads the Hot 100 and its three main component charts (Digital Songs, Radio Songs and Streaming Songs) simultaneously for a record-extending ninth week (nonconsecutively).",0,in_doc_negative,105,56
125,3489825760_4,3489825760,Content,Ask Billboard: Will 'Uptown Funk!' be the Hot 100's No.,"13, ""End of the Road,"" Boyz II Men, Aug.",0,in_doc_negative,44,42
126,3489825760_4,3489825760,Content,"2 for eight weeks), is off by 2 percent.",Weeks at No.,0,in_doc_negative,61,23
127,3489825760_5,3489825760,Numeric,"""Funk"" logs a 13th week atop the Digital Songs chart with 200,000 downloads sold ""Funk"" also leads Streaming Songs (16.2 million U.S.","""Funk"" logs a 13th week atop the Digital Songs chart with 165,000 downloads sold (down 12 percent) in the week ending March 29, according to Nielsen Music.",1,gold,51,48
128,3489825760_5,3489825760,Numeric,"14, ""I Gotta Feeling,"" The Black Eyed Peas, July 11, 2009 .","One song is new to the Hot 100's top 10: La Rose's ""Somebody,"" featuring Jeremih (13-10).",0,in_doc_negative,28,100
129,3489825760_5,3489825760,Numeric,"On Radio Songs, it pushes 9-6 with a 23 percent gain to 86 million.",Weeks at No.,0,in_doc_negative,85,8
130,3489825760_5,3489825760,Numeric,"""Earned"" (a possible contender for No.","1 "" I Wanna Dance With Somebody (Who Loves Me),"" as La Rose is a ""huge fan of '80s music,"" as she told Billboard.",0,in_doc_negative,86,106
131,3489825760_5,3489825760,Numeric,"Calvin Harris, Nov.","Mars, Jan.",0,in_doc_negative,19,12
132,3489825761_5,3489825761,Content|Numeric,"Only a few states and the federal government provided kosher diets to inmates So Rich sued the state prison system in 2010, saying its denial of a kosher menu violated the Religious Land Use and Institutionalized Persons Act of 2000, a landmark civil law rights law for inmates whose predecessor was the federal religious freedom law.","At least 35 other states and the federal government, however, provided kosher diets to inmates.",1,gold,38,41
133,3489825761_5,3489825761,Content|Numeric,"After losing before a magistrate, Rich won an appeal before the 11th Circuit Court, which cited ""the defendant's meager efforts to explain why Florida's prisons are so different from the penal institutions that now provide kosher meals such that the plans adopted by those other institutions would not work in Florida."" Recently baptized in the Sikh faith, Kawal Tagore went to her job with the IRS in Houston in 2005 carrying a new religious item: a 9-inch kirpan, a small ceremonial sword that resembles a knife but has an edge that is blunted or curved.","""The government has never explained why it has accommodated The Native American Church's use of peyote (which contains mescaline, also a controlled substance) but cannot accommodate the UDV's use of hoasca,"" the church said in a statement.",0,in_doc_negative,42,33
134,3489825761_5,3489825761,Content|Numeric,"In fact, it was easier to get a club, lodge or community center approved.","A tea used by a Brazilian faith is to them like wine used by Catholics at communion, but U.S.",0,in_doc_negative,54,22
135,3489825761_5,3489825761,Content|Numeric,"Tagore cited how the government allowed the public to enter the federal building with more threatening objects: real 2.5-inch blade knives and metal canes, said her attorneys with the Newar Law Firm and the Becket Fund.",CNN's Alexandra Meeks contributed to this report.,0,in_doc_negative,46,64
136,3489825761_5,3489825761,Content|Numeric,"Customs agents entered the church headquarters in Santa Fe, New Mexico, and seized all of its hoasca.",Constitution.,0,in_doc_negative,28,56
137,3489825762_5,3489825762,Content|Numeric,"What began as psychological torment, name-calling and humiliation turned into beatings so severe Cifuentes feared for her life.","In 2012, the government established a joint task force for crimes against women, making it easier for women to access justice by making sure victims receive the assistance they need.",0,in_doc_negative,2,54
138,3489825762_5,3489825762,Content|Numeric,"In 2012, the government established a joint task force for crimes against women, making it easier for women to access justice by making sure victims receive the assistance they need.",He is now spending 27 years behind bars.,0,in_doc_negative,54,37
139,3489825762_5,3489825762,Content|Numeric,The government has also established a special 24-hour court to attend to femicide cases.,Senior Program Coordinator Alejandra Colom says the issue of violence is discussed and girls are taught how to protect themselves.,0,in_doc_negative,55,49
140,3489825762_5,3489825762,Content|Numeric,"In many cases, crime is not reported because of fear of retaliation.","According to María Machicado Terán, the representative of U.N.",0,in_doc_negative,23,27
141,3489825773_7,3489825773,Content,"And yet paradoxically, not a single student at UVA has ever been expelled for sexual assault.""After the article published, UVA admitted this but did not change its policy on sexual assault going forward -- although that policy was never defined, so it's unclear what it means.When the story was deleted from Rolling Stone's website, that was lost.","Now it's like, 'If I wasn't assaulted by more than one man then my story is not as worthy of attention.' It's frustrating that this is how rape is portrayed on college campuses because this is not the norm."" Before the report came out, Abraham Axler, the student body president, said that some good had come from the article because it forced UVA to institute new policies and to open up a conversation on a topic that needed to be discussed nationwide.",1,gold,16,34
142,3489825773_7,3489825773,Content,There was a larger message in the article about a purported gang rape that Rolling Stone retracted on Sunday night -- a part of the story that was never disputed: The University of Virginia is under continuing investigation over how it handles sexual assault on campus.,"When the Columbia Journalism School's 12,000-plus-word critique is summed up, it really boils down to this: The mistake could have been avoided if the writer, Sabrina Rubin Erdely, had picked up the phone and made just a few more phone calls to the friends of Jackie who she claimed were with her that night.",0,in_doc_negative,0,22
143,3489825773_7,3489825773,Content,I think this discredits what a lot of survivors go through.,"""Rolling Stone teed that subject up.",0,in_doc_negative,32,40
144,3489825773_7,3489825773,Content,"""I think my problem with it was that this reporter wanted to sensationalize an experience that's not very common,"" Roderick said.","I wouldn't say that everything about Rolling Stone's treatment of that subject was perfect, but it certainly doesn't fall under the same category as their reporting about Jackie's narrative.""",0,in_doc_negative,29,41
145,3489825773_7,3489825773,Content,"Rolling Stone had a line in its original story: ""UVA's emphasis on honor is so pronounced that since 1998, 183 people have been expelled for honor-code violations such as cheating on exams.","They'd call it a ""bad experience."" Others told CNN that there were fraternities with reputations for being ""rapey"" and for using date-rape drugs.",0,in_doc_negative,15,12
146,3489825782_11,3489825782,Content,Cifuentes hides her painful past and avoids helping others.,Cifuentes is using her painful past to provide hope and healing to others through art.,1,gold,9,41
147,3489825782_11,3489825782,Content,"Many consider the Guatamalen National Civil Police, or PNC, corrupt, under-resourced and ineffective.","If approved, it would make reducing levels of gender-based violence a U.S.",0,in_doc_negative,27,62
148,3489825782_11,3489825782,Content,"There are many reasons why, beginning with the legacy of violence left in place after the country's 36-year-old civil war.",But the abuse didn't stop there.,0,in_doc_negative,13,6
149,3489825782_11,3489825782,Content,"Authorities investigating drug-related killings are stretched thin, leaving fewer resources to investigate femicides.",Two years later the attorney general's office created a specialized court to try femicides and other violent crimes against women.,0,in_doc_negative,25,56
150,3489825782_11,3489825782,Content,But the abuse didn't stop there.,Senior Program Coordinator Alejandra Colom says the issue of violence is discussed and girls are taught how to protect themselves.,0,in_doc_negative,6,52
151,3489825782_7,3489825782,Content,Levels of violent crime are lower in Guatemala than they were during the war A 2012 Small Arms Survey says gender-based violence is at epidemic levels in Guatemala and the country ranks third in the killings of women worldwide.,"Nearly 20 years later, according to the Security Sector Reform Resource Centre, levels of violent crime are  higher in Guatemala than they were during the war.",1,gold,10,19
152,3489825782_7,3489825782,Content,Women have started breaking their silence and asking where they can get support.,"With the help of an organization known as CICAM, or Centro de Investigación, Cifuentes was finally able to escape her  husband and get the justice she deserved.",0,in_doc_negative,44,38
153,3489825782_7,3489825782,Content,"According to María Machicado Terán, the representative of U.N.","Cifuentes' case is dramatic, but in Guatemala, where nearly 10 out of every 100,000 women are killed, it's hardly unusual.",0,in_doc_negative,29,9
154,3489825782_7,3489825782,Content,"If approved, it would make reducing levels of gender-based violence a U.S.",Levels of violent crime are lower in Guatemala than they were during the war A 2012 Small Arms Survey says gender-based violence is at epidemic levels in Guatemala and the country ranks third in the killings of women worldwide.,0,in_doc_negative,61,10
155,3489825782_7,3489825782,Content,Cifuentes is using her painful past to provide hope and healing to others through art.,foreign policy priority.,0,in_doc_negative,40,62
156,3499318690_3,3499318690,Content|Numeric,Hannah Dodd was born on 15 May 1992.,"= = Personal = =

Hannah Dodd was born on 27 April 1992 , and is from Arcadia , New South Wales.",1,gold,2,9
157,3499318690_3,3499318690,Content|Numeric,"A fund raiser was organised by Arcadia , New South Wales , residents.","= = Personal = =

Hannah Dodd was born on 27 April 1992 , and is from Arcadia , New South Wales.",0,in_doc_negative,28,9
158,3499318690_3,3499318690,Content|Numeric,"She has to strap her fingers and wrists , and usually dislocates a shoulder during a game.",The fast pace really gives you an adrenalin kick and the girls I play with are awesome.,0,in_doc_negative,33,35
159,3499318690_3,3499318690,Content|Numeric,"She can walk with the aide of a caliper , and also uses a wheelchair.","She won the Australian national championships again in 2011 , along with the Oceania Championships and the National Titles team events.",0,in_doc_negative,14,24
160,3499318690_3,3499318690,Content|Numeric,Hannah Dodd was born on 15 May 1992.,""" She made her debut with the national team , known as the Gliders , at the Osaka Cup in Osaka in February 2015.",0,in_doc_negative,2,37
161,3502252163_1,3502252163,Negation,M - 82 is not a state trunkline in the Lower Peninsula in the US state of Michigan.,"= M - 82 ( Michigan highway ) =

M - 82 is a state trunkline in the Lower Peninsula in the US state of Michigan that travels between Fremont and Howard City.",1,gold,18,0
162,3502252163_1,3502252163,Negation,"Instead of heading northwesterly to Hart , it was continued west to end in Shelby.","= = = Current designation = = =

The current M - 82 dates back to 1926.",0,in_doc_negative,33,27
163,3502252163_1,3502252163,Negation,"The traffic nadir was 4 @,@ 018 vehicles east of Newaygo.",Two realignments in 1963 and 1964 rerouted the western end of the highway again.,0,in_doc_negative,22,34
164,3502252163_1,3502252163,Negation,The last change came in 1978 when the concurrency with M - 120 was eliminated in favor of M - 120.,"M - 46 was rerouted to follow the US 131 freeway south of Howard City to Cedar Springs , and replaced M - 57 between Cedar Springs and Casnovia.",0,in_doc_negative,43,41
165,3502252163_1,3502252163,Negation,It was later replaced by M - 48 in 1926.,"= = = Current designation = = =

The current M - 82 dates back to 1926.",0,in_doc_negative,26,27
166,3502252163_3,3502252163,Negation,The Lower Peninsula routing has not been in use since the 1920s.,The Lower Peninsula routing has been in use since the 1920s.,1,gold,2,4
167,3502252163_3,3502252163,Negation,The current version of M - 82 is actually the second in the state ; the first usage appeared in the Upper Peninsula by 1919.,"In 2009 , the department 's measurements indicated that a segment of M - 82 west of Fremont had the peak volume for the highway at 16 @,@ 532 vehicles daily.",0,in_doc_negative,3,21
168,3502252163_3,3502252163,Negation,The section between Newaygo and Howard City travels through Fremont and along the southern edge of Manistee National Forest.,The trunkline started at M - 25 and ran north of Newberry to the vicinity of Eight Mile Corner.,0,in_doc_negative,1,25
169,3502252163_3,3502252163,Negation,The highway was moved to a new alignment west of Ferry in late 1947 or early 1948.,This freed up the Newaygo to Howard City highway for a return to the M - 82 designation.,0,in_doc_negative,32,42
170,3502252163_3,3502252163,Negation,The highway was moved to a new alignment west of Ferry in late 1947 or early 1948.,A larger change around 1969 reconfigured the highway designations in Oceana County.,0,in_doc_negative,32,36
171,3502252163_4,3502252163,Negation,Various extensions and truncations have not shifted the terminus as far west as New Era or Hesperia in the past.,Various extensions and truncations have shifted the terminus as far west as New Era or Hesperia in the past.,1,gold,38,4
172,3502252163_4,3502252163,Negation,M - 82 follows Fremont Street east to a junction with M - 37.,The section between Newaygo and Howard City travels through Fremont and along the southern edge of Manistee National Forest.,0,in_doc_negative,14,1
173,3502252163_4,3502252163,Negation,Various extensions and truncations have shifted the terminus as far west as New Era or Hesperia in the past.,"Instead of heading northwesterly to Hart , it was continued west to end in Shelby.",0,in_doc_negative,4,32
174,3502252163_4,3502252163,Negation,"In 2009 , the department 's measurements indicated that a segment of M - 82 west of Fremont had the peak volume for the highway at 16 @,@ 532 vehicles daily.",The last change came in 1978 when the concurrency with M - 120 was eliminated in favor of M - 120.,0,in_doc_negative,20,43
175,3502252163_4,3502252163,Negation,"The road , now called Main Street , passes through the downtown area and M - 82 turns south along Stewart Avenue out of town.",Various extensions and truncations have shifted the terminus as far west as New Era or Hesperia in the past.,0,in_doc_negative,11,4
176,3502252163_5,3502252163,Negation,The current route was not finalized in the late 1970s.,"The current route was finalized in the late 1970s

= = Route description = =

M - 82 begins at a junction with M - 120 and B - 96 west of Fremont.",1,gold,4,6
177,3502252163_5,3502252163,Negation,"The highway was routed through Ferry , Hesperia and Fremont , replacing M - 41.","This time it was realigned to run from Hesperia to New Era , bypassing Ferry.",0,in_doc_negative,29,35
178,3502252163_5,3502252163,Negation,The two highways merge and run concurrently over the river and into downtown on State Street.,"= = = Current designation = = =

The current M - 82 dates back to 1926.",0,in_doc_negative,16,27
179,3502252163_5,3502252163,Negation,"The traffic nadir was 4 @,@ 018 vehicles east of Newaygo.","= = History = =

= = = Previous designation = = =

The first usage of M - 82 was in the Upper Peninsula by July 1 , 1919.",0,in_doc_negative,22,24
180,3502252163_5,3502252163,Negation,"M - 46 was rerouted to follow the US 131 freeway south of Howard City to Cedar Springs , and replaced M - 57 between Cedar Springs and Casnovia.","= = History = =

= = = Previous designation = = =

The first usage of M - 82 was in the Upper Peninsula by July 1 , 1919.",0,in_doc_negative,41,24
181,3502252167_8,3502252167,Content,"= = Habitat and distribution = =

Mycena inclinata is a saprobic fungus, deriving its nutrients from living plants such as leaves, twigs, bark and branches.It accomplishes this by producing enzymes capable of breaking down the three major biochemical components of plant cell walls found in litter : cellulose , hemicellulose and lignin.",The fruit bodies of Mycena inclinata grow in dense groups or clusters on decaying hardwood logs and stumps ( especially oak and chestnut ) during the spring and autumn.,1,gold,72,73
182,3502252167_8,3502252167,Content,inclinata was found to be closely related to M.,"The range of the fungus also includes Europe , the Canary Islands , North Africa , East Siberia , Japan , Malesia , Turkey , and New Zealand.",0,in_doc_negative,19,78
183,3502252167_8,3502252167,Content,"It has been found in Oregon , but the species appears to be generally rare along the Pacific Coast.",galericulata and M.,0,in_doc_negative,77,12
184,3502252167_8,3502252167,Content,inclinata may be confused include M.,5 cm ( 1.,0,in_doc_negative,11,2
185,3502252167_8,3502252167,Content,"The variety kinabaluensis ( named after its type locality , Kinabalu ) has a cap margin that is not scalloped , little or no odor , and cheilocystidia with shorter processes.","calopus ( named by Fries in 1873 ) , are synonyms.",0,in_doc_negative,58,17
186,3502252167_8,3502252167,Content,5 cm ( 0.,"= Mycena inclinata =

Mycena inclinata , commonly known as the clustered bonnet or the oak - stump bonnet cap , is a species of mushroom in the family Mycenaceae.",0,in_doc_negative,26,0
187,3502252167_8,3502252167,Content,polygramma has a ridged stem that is bluish - gray.,"= = = Similar species = = =

Mycena maculata bears some resemblance to M.",0,in_doc_negative,71,61
188,3502252167_8,3502252167,Content,"The dyes are not readily biodegradable , and when discharged into the environment are persistent and many are toxic.",inclinata.,0,in_doc_negative,84,64
189,3502252167_8,3502252167,Content,2 to 3.,5 cm ( 0.,0,in_doc_negative,37,26
190,3502252172_8,3502252172,Content,No redevelopment was expected with Josephine as it began to move over colder waters and remain under strong wind shear until it dissipated.,Croix where up to 1 in ( 25.,0,in_doc_negative,42,56
191,3502252172_8,3502252172,Content,"Despite the lack of wind shear around the storm , the center became slightly exposed and ceased further intensification.",4 mm ) of rain fell.,0,in_doc_negative,18,57
192,3502252172_8,3502252172,Content,"Finally , on September 9 , wind shear and dry air led to the remnants of Josephine deteriorating into an open wave.",Croix where up to 1 in ( 25.,0,in_doc_negative,48,56
193,3502252172_8,3502252172,Content,"Despite continuing effects from the strong wind shear , a large , deep burst of convection formed in the northern semicircle of Josephine.",The heavy rains led to minor street flooding and some urban flooding.,0,in_doc_negative,28,58
194,3502252172_8,3502252172,Content,"By mid - morning , Josephine re - intensified slightly due to the redevelopment of some convection.","Finally , on September 9 , wind shear and dry air led to the remnants of Josephine deteriorating into an open wave.",0,in_doc_negative,34,48
195,3502252172_8,3502252172,Content,"Over the next several days , Josephine moved in a general west - northwest direction and reached its peak intensity early on September 3.","It tracked south of Cape Verde and slowly developed , and on September 2 the disturbance became Tropical Depression Ten while located south - southeast of the Cape Verde islands.",0,in_doc_negative,4,12
196,3502252172_8,3502252172,Content,Croix.,"Josephine regained a small amount of convection in the late night hours , but not enough to still be classified a tropical storm.",0,in_doc_negative,10,37
197,3502252172_8,3502252172,Content,"Despite the lack of wind shear around the storm , the center became slightly exposed and ceased further intensification.",The storm was also heading into an area where shear was forecasted to significantly increase due to an upper - level trough diving southward.,0,in_doc_negative,18,19
198,3503017433_5,3503017433,Content|Negation,The team has participated in major regional and international tournaments.,"The team has not participated in major regional and international tournaments , including the Women 's World Cup , the 2010 African Women 's Championship or the 2011 All - Africa Games.",1,gold,1,9
199,3503017433_5,3503017433,Content|Negation,"= = The team = =

In 1985 , few countries had women 's national football teams.","The Gambia has two youth teams , an under - 17 side that has competed in FIFA U - 17 Women 's World Cup qualifiers , and an under - 19 side that withdrew from regional qualifiers for an under - 19 World Cup.",0,in_doc_negative,5,3
200,3503017433_5,3503017433,Content|Negation,"While the sport gained popularity worldwide in later decades , the Gambia 's national team only played its first game in 2007.","Funding is another issue impacting the game in Africa , where most financial assistance comes from FIFA and not national football associations.",0,in_doc_negative,6,24
201,3503017433_5,3503017433,Content|Negation,The Gambia first played Sierra Leone in a pair of qualifying matches for the tournament.,"A national competition was launched in 2007 , the same year FIFA started an education course on football for women.",0,in_doc_negative,13,29
202,3503017433_5,3503017433,Content|Negation,Many women footballers leave the continent to seek greater opportunity in Europe or the United States.,That game was not FIFA - recognised.,0,in_doc_negative,26,7
203,3503017435_4,3503017435,Content|Perspective/View/Opinion,"=

= Transactions =

= During the off - season the Blue Jackets parted ways with defensemen Jan Hejda , Anton Stralman , Sami Lepisto and Mike Commodore.Hejda, who played four of his first five NHL seasons with the Blue Jackets, was offered a contract by Columbus and felt that the organization valued him, so he stayed with the team.Columbus had offered him a three - year , $ 7.","He instead signed a four - year , $ 13 million deal with the Colorado Avalanche.",1,gold,11,13
204,3503017435_4,3503017435,Content|Perspective/View/Opinion,"He instead signed a four - year , $ 13 million deal with the Colorado Avalanche.","He served as the back - up to Allen York during the game , and the following day , he signed a contract for the remainder of the year.",0,in_doc_negative,13,5
205,3503017435_4,3503017435,Content|Perspective/View/Opinion,"He was waived , sent to the minors and eventually had his contract bought out.","Commodore had originally signed a big contract with the Blue Jackets in 2008 , but fell out of favor.",0,in_doc_negative,16,15
206,3503017435_4,3503017435,Content|Perspective/View/Opinion,"Stralman and Lepisto were not given qualifying offers which made them unrestricted free agents , and both signed with other teams.","In order to replace the departed players , Columbus not only acquired James Wisniewski , but also signed ten - year NHL veteran Radek Martinek.",0,in_doc_negative,14,17
207,3503017435_4,3503017435,Content|Perspective/View/Opinion,Martinek played only seven games with the Blue Jackets before suffering a concussion and missing the remainder of the season.,"=

= Transactions =

= During the off - season the Blue Jackets parted ways with defensemen Jan Hejda , Anton Stralman , Sami Lepisto and Mike Commodore.Hejda, who played four of his first five NHL seasons with the Blue Jackets, was offered a contract by Columbus and felt that the organization valued him, so he stayed with the team.Columbus had offered him a three - year , $ 7.",0,in_doc_negative,18,11
208,3503017438_1,3503017438,Content,"= = History = =

Nebraska Highway 88 is a highway in southeastern Nebraska.","= Nebraska Highway 88 =

Nebraska Highway 88 ( N - 88 ) is a highway in northwestern Nebraska.",1,gold,26,0
209,3503017438_1,3503017438,Content,"This is expressed in terms of annual average daily traffic ( AADT ) , a measure of traffic volume for any average day of the year.","= Nebraska Highway 88 =

Nebraska Highway 88 ( N - 88 ) is a highway in northwestern Nebraska.",0,in_doc_negative,24,0
210,3503017438_1,3503017438,Content,N - 88 continues east to south of Bridgeport.,That road became part of N - 88 by 1986.,0,in_doc_negative,3,34
211,3503017438_1,3503017438,Content,"This is expressed in terms of annual average daily traffic ( AADT ) , a measure of traffic volume for any average day of the year.","The road crosses over Pumpkin Creek four times , and enters the unincorporated community of Redington.",0,in_doc_negative,24,16
212,3503017438_1,3503017438,Content,Four miles ( 6.,The road intersects a railroad owned by BNSF Railway.,0,in_doc_negative,13,21
213,3503017445_1,3503017445,Content,Krasnyi Kavkaz began construction after World War I.,"= Soviet cruiser Krasnyi Kavkaz =

Krasnyi Kavkaz ( from Russian : "" Красный Кавказ "" - "" Red Caucasus "" ) was a cruiser of the Soviet Navy that began construction during World War I , but was still incomplete during the Russian Revolution.",1,gold,11,0
214,3503017445_1,3503017445,Content,"Four near - misses close to her stern damaged her steering , her left propeller shaft , blew off one propeller and put enough holes in her stern that flooding caused her draft to increase by 5 metres ( 16 ft ).",2 mm Lender AA guns were exchanged for four Italian Minizini twin gun 50 - caliber 100 mm ( 3.,0,in_doc_negative,51,28
215,3503017445_1,3503017445,Content,On 1 and 3 January she ferried supplies and reinforcements for the Soviet bridgehead on the Kerch Peninsula.,2 mm Lender AA guns mounted between her funnels.,0,in_doc_negative,48,18
216,3503017445_1,3503017445,Content,She was hit seventeen times by Axis artillery and mortar fire in retaliation.,"She helped to transport the 388th Rifle Division from Novorossiysk and Tuapse to Sevastopol between 7 and 13 December and the 354th Rifle Division between 21 and 22 December , bombarding German positions in the interim.",0,in_doc_negative,47,45
217,3503017445_1,3503017445,Content,Three twin turrets mounting the new 57 - caliber 180 mm ( 7.,She was reclassified as a training ship in May 1947 before being used as a target in 1952.,0,in_doc_negative,13,4
218,3503017445_2,3503017445,Negation,Her design was not modified by the Soviets.,Her design was heavily modified by the Soviets and she was completed in 1932.,1,gold,10,1
219,3503017445_2,3503017445,Negation,"She was given an aircraft - handling crane , but a catapult wasn 't installed aft of her rear funnel until 1935 when a Heinkel catapult was imported from Germany.","On 25 January 1919 , the ship was formally renamed in "" Hetman Petro Doroshenko "" , but Mykolaiv was captured shortly afterward by the Entente.",0,in_doc_negative,21,8
220,3503017445_2,3503017445,Negation,During the Siege of Sevastopol she provided gunfire support and evacuated cut - off troops from elsewhere in the Crimea into Sevastopol and brought in reinforcements from Caucasian ports.,"She made it to Novorossiysk , escorted by the destroyer Sposobnyi , where she was patched up enough to make to Poti where more permanent repairs could be made.",0,in_doc_negative,44,52
221,3503017445_2,3503017445,Negation,"Four near - misses close to her stern damaged her steering , her left propeller shaft , blew off one propeller and put enough holes in her stern that flooding caused her draft to increase by 5 metres ( 16 ft ).",During the Kerch - Feodosiya Operation Krasnyi Kavkaz sailed into the harbor of Feodosiya on 29 December 1941 and disembarked reinforcements and provided gunfire support for Soviet troops already ashore.,0,in_doc_negative,51,46
222,3503017445_2,3503017445,Negation,On the return voyage she was severely damaged by German Junkers Ju 87 Stuka dive - bombers from II.,"During World War II she supported Soviet troops during the Siege of Odessa , Siege of Sevastopol , and the Kerch - Feodosiya Operation in the winter of 1941 — 42.",0,in_doc_negative,49,2
223,3503017450_1,3503017450,Content,The French cruiser Sully was an armored cruiser of the Gueydon class.,"= French cruiser Sully =

The French cruiser Sully was an armored cruiser of the Gloire class that was built for the French Navy in the early 1900s.",1,gold,39,0
224,3503017450_1,3503017450,Content,Her crew numbered 612 officers and men.,"The ship struck a rock in Hạ Long Bay , French Indochina in 1905 , only eight months after she was completed , and was a total loss.",0,in_doc_negative,4,2
225,3503017450_1,3503017450,Content,Twenty - four Belleville water - tube boilers provided steam for her engines.,The waterline armored belt of the Gloire - class ships was 170 millimeters ( 6.,0,in_doc_negative,11,25
226,3503017450_1,3503017450,Content,Her intermediate armament was eight 45 - caliber Canon de 164 mm Modèle 1893 guns.,6 in ) 45 - caliber guns were mounted in single gun turrets fore and aft.,0,in_doc_negative,19,18
227,3503017450_1,3503017450,Content,Sully 's main armament consisted of two 194 - millimeter ( 7.,Twenty - four Belleville water - tube boilers provided steam for her engines.,0,in_doc_negative,17,11
228,3503017459_1,3503017459,Content|Factual,"= = Interviewees = = The actors , directors , screenwriters and producers interviewed for the film were : = = Production = =The film was written and directed by John Smith.","The film was written and directed by Mark Hartley , who interviewed over eighty Australian , American and British actors , directors , screenwriters and producers , including Quentin Tarantino , Brian Trenchard - Smith , Jamie Lee Curtis , Dennis Hopper , George Lazenby , George Miller , Barry Humphries , Stacy Keach and John Seale.",1,gold,13,3
229,3503017459_1,3503017459,Content|Factual,is a 2008 Australian documentary film about the Australian New Wave of 1970s and ' 80s low - budget cinema.,""" Ozploitation "" — writer - director Mark Hartley 's own portmanteau of "" Australian exploitation "" — was a subgenre of the New Wave which accounted for the critically panned "" gross - out comedies , sex romps , action and road movies , teen films , westerns , thrillers and horror films "" of the era , commonly overlooked in Australia 's "" official film history "".",0,in_doc_negative,2,11
230,3503017459_1,3503017459,Content|Factual,"= = Synopsis = = Not Quite Hollywood documents the revival of Australian cinema during the Australian New Wave of the 1970s and ' 80s through B - movies including Alvin Purple , Barry McKenzie Holds His Own , Dead - End Drive In , Long Weekend , Mad Max , The Man from Hong Kong , Patrick , Razorback , Road Games , Stork and Turkey Shoot.",is a 2008 Australian documentary film about the Australian New Wave of 1970s and ' 80s low - budget cinema.,0,in_doc_negative,9,2
231,3503017459_1,3503017459,Content|Factual,"grossed $ 186 @,@ 986 at the box office in Australia ,.","= = Release = = Not Quite Hollywood had its worldwide premiere at the Melbourne International Film Festival on 28 July 2008 , and was screened at the Australian Centre for the Moving Image.",0,in_doc_negative,36,21
232,3503017459_1,3503017459,Content|Factual,"Hartley traveled to Los Angeles , California to meet with Tarantino , who agreed to sit for hours of interviews as one of the film 's most prominent interviewees.","Sandra Hall , writing for The Sydney Morning Herald , gave the film three and a half out of five stars , believing that "" Hartley 's own film is much livelier than most of those he is out to celebrate "".",0,in_doc_negative,19,29
233,3503017474_2,3503017474,Content,The rhyme dates back at least to the 16th century.,The rhyme dates back at least to the 18th century and exists with different numbers of verses each with a number of variations.,1,gold,1,3
234,3503017474_2,3503017474,Content,"= = Interpretation = =

While the true origins of the rhyme are unknown there are several theories.","The suggestion has also been made that Jack and Jill represent Louis XVI of France , who was deposed and beheaded in 1793 ( lost his crown ) , and his Queen , Marie Antoinette ( who came tumbling after ) , a theory made difficult by the fact that the earliest printing of the rhyme pre - dates those events.",0,in_doc_negative,26,37
235,3503017474_2,3503017474,Content,The melody commonly associated with the rhyme was first recorded by the composer and nursery rhyme collector James William Elliott in his National Nursery Rhymes and Nursery Songs ( 1870 ).,"This earliest printed version comes from a reprint of John Newbery 's Mother Goose 's Melody , thought to have been first published in London around 1765.",0,in_doc_negative,16,24
236,3503017474_2,3503017474,Content,Vinegar and brown paper were a home cure used as a method to draw out bruises on the body.,"This earliest printed version comes from a reprint of John Newbery 's Mother Goose 's Melody , thought to have been first published in London around 1765.",0,in_doc_negative,19,24
237,3503017474_2,3503017474,Content,"Jack is the most common name used in English language nursery rhymes and by the 18th century represented an archetypal Everyman hero , while by the end of the Middle Ages Jill or Gill had come to mean a young girl or a sweetheart.","He was blocked by Parliament , so subsequently ordered that the volume of a Jack ( 1 / 2 pint ) be reduced , but the tax remained the same.",0,in_doc_negative,22,33
238,3503017494_4,3503017494,Content,"= = History = =

The Type 94 Nambu pistol was designed by Kojiro Nambu after he retired from the Japanese Army and founded the Nambu Rifle Manufacturing Company.Design for the Type 94 Nambu pistol commenced in 1929 with the goal of increasing the bulk and price of previous Nambu designs.The Imperial Japanese Army felt a smaller pistol of domestic design that could accommodate the standard 8 × 22mm Nambu cartridge was needed to substitute the larger , heavier , and only official military pistol , the Type 14 Nambu.","The Type 94 pistol was designed for , and popular among , Japanese tank and aircraft crews who preferred a smaller , lightweight design.",1,gold,8,4
239,3503017494_4,3503017494,Content,The Type 94 pistol entered production in 1935.,The magazine could also disengage if squeezed into or jarred in a holster.,0,in_doc_negative,2,28
240,3503017494_4,3503017494,Content,Removing the crossbolt is further complicated as the disassemblers hands are both holding the pistol and depressing the firing pin.,"Approximately 71 @,@ 000 pistols were manufactured before production ended in 1945.",0,in_doc_negative,42,3
241,3503017494_4,3503017494,Content,The pouch tow has a narrow extension to accommodate a cleaning rod.,"Unlike previously designed Nambu pistols , the Type 94 operates with a concealed hammer and with a firing pin rather than a hammer.",0,in_doc_negative,47,18
242,3503017494_4,3503017494,Content,The rear sight was reduced from a U - shape to a simple notch in 1944 with the front blade being left unchanged but less attention to detail being applied as World War II progressed.,The magazine catch protrudes far enough to occasionally disengage when the pistol is placed on its left side on a hard surface.,0,in_doc_negative,31,27
243,3503017494_4,3503017494,Content,The magazine catch protrudes far enough to occasionally disengage when the pistol is placed on its left side on a hard surface.,Removing the crossbolt is further complicated as the disassemblers hands are both holding the pistol and depressing the firing pin.,0,in_doc_negative,27,42
244,3503017494_4,3503017494,Content,"Unlike previously designed Nambu pistols , the Type 94 operates with a concealed hammer and with a firing pin rather than a hammer.",The final prototype for the Type 94 was officially adopted by the Japanese Army in late 1934 after several redesigns.,0,in_doc_negative,18,12
245,3503017494_4,3503017494,Content,"According to authors , Harry L.","An estimated 71 @,@ 000 pistols were produced for the military but the exact quantity is unknown because of the production of unserialized pistols and undated pistols.",0,in_doc_negative,19,14
246,3503017494_4,3503017494,Content,Removal of the crossbolt without depressing the firing pin will damage both the firing pin and the crossbolt.,"The ability to fire the Type 94 without pulling the trigger gave rise to war stories of Japanese soldiers surrendering , only to fire the pistol , earning the pistol monikers such as the "" suicide special "" and the "" surrender pistol "".",0,in_doc_negative,41,54
